,Renewed,Non-Renewed,Difference (%)
engagement_score,0.29346179524391763,0.2949720860192765,-0.5
total_interactions,3.5468435191403627,3.564857405703772,-0.5
avg_duration,23.9292333897354,23.8836100524233,0.2
total_time_spent,128.1380120886501,123.99724011039558,3.3
total_reports,12.757387508394896,12.879484820607177,-0.9
events_attended,0.501846877098724,0.5170193192272309,-2.9
total_logins,521.5463398253862,528.6310947562098,-1.3
total_sessions,294.4345198119543,298.9116835326587,-1.5
total_features,464.61182001343184,471.4526218951242,-1.5
total_active_days,113.23270651443922,114.81692732290708,-1.4
